-- DML

INSERT INTO LANGUAGE VALUES (0, 'Английский');
INSERT INTO LANGUAGE VALUES (1, 'Русский');
INSERT INTO LANGUAGE VALUES (2, 'Испанский');
INSERT INTO LANGUAGE VALUES (3, 'Немецкий');
INSERT INTO LANGUAGE VALUES (4, 'Французский');

INSERT INTO LANGUAGE_LEVEL VALUES (0, 'А1 - элементарный');
INSERT INTO LANGUAGE_LEVEL VALUES (1, 'А2 - базовый');
INSERT INTO LANGUAGE_LEVEL VALUES (2, 'B1 - пороговый');
INSERT INTO LANGUAGE_LEVEL VALUES (3, 'B2 - продвинутый');
INSERT INTO LANGUAGE_LEVEL VALUES (4, 'C1 - профессиональный');
INSERT INTO LANGUAGE_LEVEL VALUES (5, 'C2 - в совершенстве');

INSERT INTO USER (ROLE, LOGIN, PASSWORD, NAME, GENDER, BIRTHDATE, FIRST_LANGUAGE, LEARNING_LANGUAGE, LANGUAGE_LEVEL) VALUES (1, 'USER1', 'QWERTYUIOP', 'Мария', 1, TO_DATE('01-11-1991', 'DD-MM-YYYY'), 1, 2, 3);
INSERT INTO USER (LOGIN, PASSWORD, NAME, GENDER, BIRTHDATE, FIRST_LANGUAGE, LEARNING_LANGUAGE, LANGUAGE_LEVEL, DESCRIPTION) VALUES ('USER2', 'QWERTYUIOP', 'Андрей', 2, TO_DATE('07-01-1995', 'DD-MM-YYYY'), 3, 1, 2, 'Ищу друзей для практики разговорного языка!');
INSERT INTO USER (LOGIN, PASSWORD, NAME, GENDER, BIRTHDATE, FIRST_LANGUAGE, LEARNING_LANGUAGE, LANGUAGE_LEVEL, DESCRIPTION) VALUES ('USER3', 'QWERTYUIOP', 'Павел', 2, TO_DATE('17-12-2001', 'DD-MM-YYYY'), 4, 3, 4, 'Увлекаюсь флористикой');
INSERT INTO USER (LOGIN, PASSWORD, NAME, GENDER, BIRTHDATE, FIRST_LANGUAGE, LEARNING_LANGUAGE, LANGUAGE_LEVEL, DESCRIPTION) VALUES ('USER4', 'QWERTYUIOP', 'Степан', 2, TO_DATE('04-11-1994', 'DD-MM-YYYY'), 2, 1, 2, 'Оригинальное описание профиля');
INSERT INTO USER (LOGIN, PASSWORD, NAME, GENDER, BIRTHDATE, FIRST_LANGUAGE, LEARNING_LANGUAGE, LANGUAGE_LEVEL, DESCRIPTION) VALUES ('USER5', 'QWERTYUIOP', 'Юлия', 1, TO_DATE('06-10-1981', 'DD-MM-YYYY'), 1, 2, 3, 'Очень длинное описание описание описание описание описание описание описание описание описание описание описание описание описание описание описание описание описание');
INSERT INTO USER (LOGIN, PASSWORD, NAME, GENDER, BIRTHDATE, FIRST_LANGUAGE, LEARNING_LANGUAGE, LANGUAGE_LEVEL, DESCRIPTION) VALUES ('USER6', 'QWERTYUIOP', 'Жанна', 1, TO_DATE('17-02-1961', 'DD-MM-YYYY'), 3, 1, 2, 'Очень длинное описание описание описание описание описание описание описание описание описание описание описание описание описание описание описание описание описание');
INSERT INTO USER (LOGIN, PASSWORD, NAME, GENDER, BIRTHDATE, FIRST_LANGUAGE, LEARNING_LANGUAGE, LANGUAGE_LEVEL, DESCRIPTION) VALUES ('USER7', 'QWERTYUIOP', 'Вадим', 2, TO_DATE('30-11-1989', 'DD-MM-YYYY'), 4, 3, 4, '');
INSERT INTO USER (LOGIN, PASSWORD, NAME, GENDER, BIRTHDATE, FIRST_LANGUAGE, LEARNING_LANGUAGE, LANGUAGE_LEVEL) VALUES ('USER8', 'QWERTYUIOP', 'Егор', 2, TO_DATE('20-05-1999', 'DD-MM-YYYY'), 2, 1, 2);
INSERT INTO USER (LOGIN, PASSWORD, NAME, GENDER, BIRTHDATE, FIRST_LANGUAGE, LEARNING_LANGUAGE, LANGUAGE_LEVEL) VALUES ('USER9', 'QWERTYUIOP', 'Марта', 1, TO_DATE('17-03-1997', 'DD-MM-YYYY'), 1, 2, 3);
INSERT INTO USER (LOGIN, PASSWORD, NAME, GENDER, BIRTHDATE, FIRST_LANGUAGE, LEARNING_LANGUAGE, LANGUAGE_LEVEL) VALUES ('USER10', 'QWERTYUIOP', 'Михаил', 2, TO_DATE('14-11-2000', 'DD-MM-YYYY'), 3, 1, 2);
INSERT INTO USER (LOGIN, PASSWORD, NAME, GENDER, BIRTHDATE, FIRST_LANGUAGE, LEARNING_LANGUAGE, LANGUAGE_LEVEL) VALUES ('USER11', 'QWERTYUIOP', 'Александра', 1, TO_DATE('27-11-1991', 'DD-MM-YYYY'), 4, 3, 4);
INSERT INTO USER (LOGIN, PASSWORD, NAME, GENDER, BIRTHDATE, FIRST_LANGUAGE, LEARNING_LANGUAGE, LANGUAGE_LEVEL) VALUES ('USER12', 'QWERTYUIOP', 'Иван', 2, TO_DATE('05-11-1995', 'DD-MM-YYYY'), 2, 1, 2);


INSERT INTO MESSAGE (SENDER, RECEIVER, TEXT, CREATED_AT) VALUES (1, 2, 'Сообщение от 1 к 2', TO_TIMESTAMP('2019-12-31 10:13:18', 'YYYY-MM-DD HH:MI:SS'));
INSERT INTO MESSAGE (SENDER, RECEIVER, TEXT, CREATED_AT) VALUES (2, 1, 'Сообщение от 2 к 1', TO_TIMESTAMP('2019/12/31 10:14:18', 'YYYY/MM/DD HH:MI:SS'));
INSERT INTO MESSAGE (SENDER, RECEIVER, TEXT, CREATED_AT) VALUES (1, 2, 'Сообщение от 1 к 2', TO_TIMESTAMP('2019/12/31 10:15:18', 'YYYY/MM/DD HH:MI:SS'));
INSERT INTO MESSAGE (SENDER, RECEIVER, TEXT, CREATED_AT) VALUES (2, 1, 'Сообщение от 2 к 1', TO_TIMESTAMP('2019/12/31 10:16:18', 'YYYY/MM/DD HH:MI:SS'));
INSERT INTO MESSAGE (SENDER, RECEIVER, TEXT, CREATED_AT) VALUES (1, 7, 'Сообщение от 1 к 7', TO_TIMESTAMP('2019/12/31 10:17:18', 'YYYY/MM/DD HH:MI:SS'));
INSERT INTO MESSAGE (SENDER, RECEIVER, TEXT, CREATED_AT) VALUES (3, 1, 'Сообщение от 3 к 1', TO_TIMESTAMP('2019/12/31 10:18:18', 'YYYY/MM/DD HH:MI:SS'));
INSERT INTO MESSAGE (SENDER, RECEIVER, TEXT, CREATED_AT) VALUES (7, 2, 'Сообщение от 7 к 2', TO_TIMESTAMP('2019/12/31 13:15:18', 'YYYY/MM/DD HH:MI:SS'));
INSERT INTO MESSAGE (SENDER, RECEIVER, TEXT, CREATED_AT) VALUES (2, 5, 'Сообщение от 2 к 5', TO_TIMESTAMP('2019/12/31 14:19:18', 'YYYY/MM/DD HH:MI:SS'));
INSERT INTO MESSAGE (SENDER, RECEIVER, TEXT, CREATED_AT) VALUES (1, 5, 'Сообщение от 1 к 5', TO_TIMESTAMP('2019/12/31 15:13:18', 'YYYY/MM/DD HH:MI:SS'));
INSERT INTO MESSAGE (SENDER, RECEIVER, TEXT, CREATED_AT) VALUES (2, 1, 'Сообщение от 2 к 1', TO_TIMESTAMP('2019/12/31 16:14:18', 'YYYY/MM/DD HH:MI:SS'));
INSERT INTO MESSAGE (SENDER, RECEIVER, TEXT, CREATED_AT) VALUES (1, 3, 'Сообщение от 1 к 3', TO_TIMESTAMP('2019/12/31 17:15:18', 'YYYY/MM/DD HH:MI:SS'));
INSERT INTO MESSAGE (SENDER, RECEIVER, TEXT, CREATED_AT) VALUES (8, 1, 'Сообщение от 8 к 1', TO_TIMESTAMP('2019/12/31 11:19:18', 'YYYY/MM/DD HH:MI:SS'));
INSERT INTO MESSAGE (SENDER, RECEIVER, TEXT, CREATED_AT) VALUES (1, 2, 'Сообщение от 1 к 2', TO_TIMESTAMP('2019-12-31 12:13:18', 'YYYY-MM-DD HH:MI:SS'));
INSERT INTO MESSAGE (SENDER, RECEIVER, TEXT, CREATED_AT) VALUES (2, 1, 'Сообщение от 2 к 1', TO_TIMESTAMP('2019/12/31 13:14:18', 'YYYY/MM/DD HH:MI:SS'));
INSERT INTO MESSAGE (SENDER, RECEIVER, TEXT, CREATED_AT) VALUES (1, 2, 'Сообщение от 1 к 2', TO_TIMESTAMP('2019/12/31 14:15:18', 'YYYY/MM/DD HH:MI:SS'));
INSERT INTO MESSAGE (SENDER, RECEIVER, TEXT, CREATED_AT) VALUES (2, 1, 'Сообщение от 2 к 1', TO_TIMESTAMP('2019/12/31 15:19:18', 'YYYY/MM/DD HH:MI:SS'));
INSERT INTO MESSAGE (SENDER, RECEIVER, TEXT, CREATED_AT) VALUES (1, 6, 'Сообщение от 1 к 6', TO_TIMESTAMP('2019/12/31 16:15:18', 'YYYY/MM/DD HH:MI:SS'));
INSERT INTO MESSAGE (SENDER, RECEIVER, TEXT, CREATED_AT) VALUES (3, 1, 'Сообщение от 3 к 1', TO_TIMESTAMP('2019/12/31 17:14:18', 'YYYY/MM/DD HH:MI:SS'));
INSERT INTO MESSAGE (SENDER, RECEIVER, TEXT, CREATED_AT) VALUES (4, 1, 'Сообщение от 4 к 1', TO_TIMESTAMP('2019/12/31 18:15:18', 'YYYY/MM/DD HH:MI:SS'));
INSERT INTO MESSAGE (SENDER, RECEIVER, TEXT, CREATED_AT) VALUES (1, 5, 'Сообщение от 1 к 5', TO_TIMESTAMP('2019/12/31 19:19:18', 'YYYY/MM/DD HH:MI:SS'));
INSERT INTO MESSAGE (SENDER, RECEIVER, TEXT, CREATED_AT) VALUES (1, 5, 'Сообщение от 1 к 5', TO_TIMESTAMP('2019/12/31 20:13:18', 'YYYY/MM/DD HH:MI:SS'));
INSERT INTO MESSAGE (SENDER, RECEIVER, TEXT, CREATED_AT) VALUES (2, 1, 'Сообщение от 2 к 1', TO_TIMESTAMP('2019/12/31 21:14:18', 'YYYY/MM/DD HH:MI:SS'));
INSERT INTO MESSAGE (SENDER, RECEIVER, TEXT, CREATED_AT) VALUES (1, 2, 'Сообщение от 1 к 2', TO_TIMESTAMP('2019/12/31 22:15:18', 'YYYY/MM/DD HH:MI:SS'));
INSERT INTO MESSAGE (SENDER, RECEIVER, TEXT, CREATED_AT) VALUES (7, 1, 'Сообщение от 7 к 1', TO_TIMESTAMP('2019/12/31 23:19:18', 'YYYY/MM/DD HH:MI:SS'));


COMMIT;
